key,label,group,sharpe_pre,sharpe_test,months_test,world
oracle,"Oracle: true $\mu$, true $\Sigma$",ceiling,2.2785091107868305,2.110620136572871,408,Simulated market 1 (300 stocks)
true_mu_prism_risk,"True $\mu$, PRISM risk model",ceiling,1.7941843986001056,1.56122844999409,408,Simulated market 1 (300 stocks)
B_ens,PRISM learner ensemble,prism,0.31716863024377856,0.4854645721186573,408,Simulated market 1 (300 stocks)
A0,"PRISM SDF sleeve, raw",prism,0.6887020076915793,0.8237354392126833,408,Simulated market 1 (300 stocks)
A1,"PRISM SDF sleeve, rotated",prism,0.8578390967284781,0.9223274951607632,408,Simulated market 1 (300 stocks)
book_raw,"PRISM book, no vol. timing",prism,0.7639846255671902,0.9716883970269318,408,Simulated market 1 (300 stocks)
book,PRISM book,prism_main,0.8267754136803709,0.9435621780416156,408,Simulated market 1 (300 stocks)
markowitz_ml,Markowitz-ML replica,bench,0.0991620628230296,0.2881278994127268,408,Simulated market 1 (300 stocks)
factor_ml,Factor-ML replica,bench,0.5074629924809837,0.38091693136983457,408,Simulated market 1 (300 stocks)
one_over_n,1/N market,bench,0.309427645684837,0.40615271481907383,408,Simulated market 1 (300 stocks)
oracle,"Oracle: true $\mu$, true $\Sigma$",ceiling,2.0385389502326867,2.457889965589174,408,Simulated market 2 (500 stocks)
true_mu_prism_risk,"True $\mu$, PRISM risk model",ceiling,1.23173162925727,1.632405118597012,408,Simulated market 2 (500 stocks)
B_ens,PRISM learner ensemble,prism,0.24020392527248247,0.8683209646064091,408,Simulated market 2 (500 stocks)
A0,"PRISM SDF sleeve, raw",prism,0.3245345760746998,0.8603457460110279,408,Simulated market 2 (500 stocks)
A1,"PRISM SDF sleeve, rotated",prism,0.680877644614147,1.0143440109790238,408,Simulated market 2 (500 stocks)
book_raw,"PRISM book, no vol. timing",prism,0.55375451123231,1.112548788796288,408,Simulated market 2 (500 stocks)
book,PRISM book,prism_main,0.6053901743973804,1.1359905123083516,408,Simulated market 2 (500 stocks)
markowitz_ml,Markowitz-ML replica,bench,-0.1768346335763645,0.24201485065305745,408,Simulated market 2 (500 stocks)
factor_ml,Factor-ML replica,bench,-0.24054273015210217,0.33926628843490175,408,Simulated market 2 (500 stocks)
one_over_n,1/N market,bench,0.25566400230037833,0.553518041269968,408,Simulated market 2 (500 stocks)
